frequency,correlation,time
10.0,0.4237026107972109,11:27:11
10.0,0.5109034757042862,11:27:13
10.0,0.48017006443681876,11:27:20
10.0,0.4028998645332669,11:27:26
