frequency,correlation,time
8.57,0.5390881678193769,03:43:16
15.0,0.49309573527092687,03:43:18
8.57,0.5010439312767477,03:43:20
8.57,0.5248474549616979,03:43:22
